{
    "rmse": 0.6953446530179136,
    "mae": 0.5399043463295694,
    "r2": 0.2825110495570222
}